,test_loss,train_loss
0,69.98086500167847,0.1808229684829712
1,78.89295387268066,19.117040634155273
